{
  "version": 1,
  "author": "Anonymous maker",
  "editor": "wokwi",
  "parts": [
    { "type": "wokwi-breadboard-half", "id": "bb1", "top": 83.4, "left": -179.6, "attrs": {} },
    {
      "type": "wokwi-esp32-devkit-v1",
      "id": "esp",
      "top": 46.95,
      "left": -420.67,
      "rotate": 180,
      "attrs": {}
    },
    {
      "type": "wokwi-relay-module",
      "id": "relay1",
      "top": -28.95,
      "left": -198.91,
      "rotate": 270,
      "attrs": {}
    },
    {
      "type": "wokwi-relay-module",
      "id": "relay2",
      "top": -29.84,
      "left": -119.26,
      "rotate": 270,
      "attrs": {}
    },
    {
      "type": "wokwi-relay-module",
      "id": "relay3",
      "top": -32.58,
      "left": -52.91,
      "rotate": 270,
      "attrs": {}
    },
    {
      "type": "wokwi-relay-module",
      "id": "relay4",
      "top": -32.23,
      "left": 40.39,
      "rotate": 270,
      "attrs": {}
    },
    {
      "type": "wokwi-pushbutton",
      "id": "btn1",
      "top": 310.06,
      "left": -177.35,
      "attrs": { "color": "red" }
    },
    {
      "type": "wokwi-pushbutton",
      "id": "btn2",
      "top": 307.09,
      "left": -95.14,
      "attrs": { "color": "yellow" }
    },
    {
      "type": "wokwi-pushbutton",
      "id": "btn3",
      "top": 308.49,
      "left": -2.99,
      "attrs": { "color": "black" }
    },
    {
      "type": "wokwi-pushbutton",
      "id": "btn4",
      "top": 309.89,
      "left": 80.79,
      "attrs": { "color": "white" }
    },
    { "type": "wokwi-vcc", "id": "vcc1", "top": 10.36, "left": 217.49, "attrs": {} },
    { "type": "wokwi-gnd", "id": "gnd1", "top": 92.39, "left": 210.77, "attrs": {} },
    {
      "type": "wokwi-led",
      "id": "led1",
      "top": -134.84,
      "left": -160.23,
      "attrs": { "color": "yellow" }
    },
    {
      "type": "wokwi-led",
      "id": "led2",
      "top": -132.47,
      "left": -78.4,
      "attrs": { "color": "magenta" }
    },
    {
      "type": "wokwi-led",
      "id": "led3",
      "top": -133.91,
      "left": -13.41,
      "attrs": { "color": "limegreen" }
    },
    {
      "type": "wokwi-led",
      "id": "led4",
      "top": -136.8,
      "left": 79.04,
      "attrs": { "color": "red" }
    },
    { "type": "wokwi-vcc", "id": "vcc2", "top": -122.95, "left": 218.81, "attrs": {} },
    { "type": "wokwi-gnd", "id": "gnd2", "top": -67.2, "left": -202.2, "attrs": {} }
  ],
  "connections": [
    [ "esp:TX0", "$serialMonitor:RX", "", [] ],
    [ "esp:RX0", "$serialMonitor:TX", "", [] ],
    [ "bb1:tp.1", "relay1:VCC", "red", [ "v0" ] ],
    [ "bb1:tn.2", "relay1:GND", "black", [ "v0" ] ],
    [ "bb1:tp.8", "relay2:VCC", "red", [ "v0" ] ],
    [ "bb1:tn.9", "relay2:GND", "black", [ "v0" ] ],
    [ "bb1:tp.15", "relay3:VCC", "red", [ "v0" ] ],
    [ "bb1:tn.15", "relay3:GND", "black", [ "v0" ] ],
    [ "bb1:tp.22", "relay4:VCC", "red", [ "v0" ] ],
    [ "bb1:tn.23", "relay4:GND", "black", [ "v0" ] ],
    [ "bb1:tp.25", "vcc1:VCC", "red", [ "v0" ] ],
    [ "bb1:tn.25", "gnd1:GND", "black", [ "v0" ] ],
    [ "btn1:1.r", "bb1:bn.5", "black", [ "v0" ] ],
    [ "btn2:1.r", "bb1:bn.13", "black", [ "v0" ] ],
    [ "btn3:1.r", "bb1:bn.21", "black", [ "v0" ] ],
    [ "btn4:1.r", "bb1:bn.25", "black", [ "v0" ] ],
    [ "bb1:bn.25", "bb1:tn.25", "black", [ "v-1.66", "h25.63", "v-174.77" ] ],
    [ "relay1:IN", "esp:D13", "orange", [ "v11.77", "h-167.65", "v-5.78" ] ],
    [ "relay2:IN", "esp:D12", "violet", [ "v9.77", "h-56.64", "v10.11", "h-183.44", "v36.11" ] ],
    [
      "relay3:IN",
      "esp:D14",
      "green",
      [ "v21.18", "h-0.21", "v15.89", "h-300.44", "v34.67", "h-1.44" ]
    ],
    [ "relay4:IN", "esp:D27", "gold", [ "v59.83", "h-378.06", "v23.11", "h-5.78" ] ],
    [ "btn1:2.l", "esp:D26", "orange", [ "h-32.03", "v-176.68" ] ],
    [ "btn2:2.l", "esp:D25", "violet", [ "h-4.47", "v28.5", "h-124.22", "v-200.77", "h-2.89" ] ],
    [ "btn3:2.l", "esp:D33", "green", [ "h-9.95", "v34.33", "h-223.88", "v-196.44" ] ],
    [ "btn4:2.l", "esp:D32", "gold", [ "h-5.62", "v44.48", "h-330.77", "v-5.78" ] ],
    [ "relay1:COM", "relay2:COM", "red", [ "v-19.73", "h79.7" ] ],
    [ "relay3:COM", "relay2:COM", "red", [ "v-14.12", "h-63.33" ] ],
    [ "relay4:COM", "relay3:COM", "red", [ "v-21.4", "h-92.29", "v4.95" ] ],
    [ "relay1:NO", "led1:A", "red", [ "v0" ] ],
    [ "relay2:NO", "led2:A", "red", [ "v0" ] ],
    [ "relay3:NO", "led3:A", "red", [ "v0" ] ],
    [ "relay4:NO", "led4:A", "red", [ "v0" ] ],
    [ "vcc2:VCC", "relay4:COM", "red", [ "v20.28", "h-119.29" ] ],
    [ "led1:C", "led2:C", "black", [ "v13.27", "h79.14" ] ],
    [ "led3:C", "led2:C", "black", [ "v15.31", "h-64.71", "v-3.96" ] ],
    [ "led4:C", "led3:C", "black", [ "v9.29", "h-86.88", "v7.92" ] ],
    [ "gnd2:GND", "led1:C", "black", [ "v-16.33", "h41.76" ] ]
  ],
  "dependencies": {}
}